{
  "train_loss": [
    0.5424175038135833,
    0.3239253162639527,
    0.21335886389520792,
    0.15090111243253468,
    0.11663750695419832,
    0.0990466726821578,
    0.08114280255733851,
    0.029300389439830474,
    0.025477482721506052,
    0.025829212809606022,
    0.023051830248978934
  ],
  "train_acc": [
    0.814306439013503,
    0.9000948554848789,
    0.9400736524941413,
    0.9603559870550162,
    0.969562548822676,
    0.974835397835063,
    0.9798013614551947,
    0.993415913402522,
    0.9936949001227542,
    0.9939738868429863,
    0.994727150987613
  ],
  "train_f1": [
    0.6901592030537194,
    0.8121885981014318,
    0.8804008908685969,
    0.918187575565663,
    0.9365070127451551,
    0.947040864255519,
    0.957210401891253,
    0.9858036573628489,
    0.9864019253910951,
    0.9869910864851843,
    0.988608281598457
  ],
  "val_loss": [
    0.4757946156175204,
    0.8308822538217523,
    1.114595877468622,
    1.273604658896352,
    1.530307943560511,
    1.4638209252188972,
    1.6215441338467123,
    1.2911106271661044,
    1.6023509533665097,
    2.1082118425074055,
    2.226788595971959
  ],
  "val_acc": [
    0.8801853486319505,
    0.8250220653133274,
    0.8415710503089144,
    0.838261253309797,
    0.8281112091791704,
    0.821270962047661,
    0.8351721094439541,
    0.8638570167696381,
    0.8415710503089144,
    0.8453221535745807,
    0.8415710503089144
  ],
  "val_f1": [
    0.7715607909129154,
    0.6808853118712274,
    0.6558005752636625,
    0.6273512963904423,
    0.5906463478717814,
    0.6029411764705882,
    0.6270594108836745,
    0.7029369282619162,
    0.6688191881918819,
    0.631246712256707,
    0.6193001060445387
  ],
  "learning_rate": [
    0.0001,
    0.0001,
    0.0001,
    0.0001,
    0.0001,
    0.0001,
    5e-05,
    5e-05,
    5e-05,
    5e-05,
    5e-05
  ]
}