{
  "train_loss": [
    0.6087105153249024,
    0.39453302414914104,
    0.2591378794977211,
    0.1812827022085843,
    0.13292849783362576,
    0.11503969726579419,
    0.09862512132705616,
    0.08270643475598827,
    0.034011193273034486,
    0.03249386085508965,
    0.02670423770291797,
    0.025203735301292277
  ],
  "train_acc": [
    0.7918201093627943,
    0.8776643231782167,
    0.927909831492021,
    0.9521816761522152,
    0.9670237696685637,
    0.9716270505523937,
    0.9747796004910166,
    0.9790759959825912,
    0.9920209798013615,
    0.9930811293382436,
    0.9938343934828702,
    0.9944202655953577
  ],
  "train_f1": [
    0.6606330725850464,
    0.775416133162612,
    0.8575052387779861,
    0.9022916429141489,
    0.931239092495637,
    0.9404252826430789,
    0.9469234382339127,
    0.9557678697806087,
    0.9828290105667628,
    0.9850782190132371,
    0.9866827357637843,
    0.9879387287420094
  ],
  "val_loss": [
    0.7549311867488784,
    0.6777758083280019,
    0.7378448701115623,
    0.9899937262128679,
    1.1792573137154505,
    0.872239672462251,
    1.224196427294527,
    1.6012415214789937,
    1.57819309154569,
    2.173246238392353,
    1.5385841654829804,
    1.559635629247077
  ],
  "val_acc": [
    0.7462488967343336,
    0.8272285966460724,
    0.8276699029126213,
    0.8316416593115622,
    0.837378640776699,
    0.8459841129744042,
    0.8462047661076787,
    0.8479699911738746,
    0.8638570167696381,
    0.8515004413062666,
    0.8495145631067961,
    0.8468667255075022
  ],
  "val_f1": [
    0.6231979030144168,
    0.6838918046023416,
    0.6859670285484519,
    0.6472491909385113,
    0.6385483079941148,
    0.6983578219533275,
    0.6618146530810286,
    0.6413326392503904,
    0.7009209888511876,
    0.6292011019283746,
    0.6733716475095786,
    0.6735653809971778
  ],
  "learning_rate": [
    0.0001,
    0.0001,
    0.0001,
    0.0001,
    0.0001,
    0.0001,
    0.0001,
    5e-05,
    5e-05,
    5e-05,
    5e-05,
    5e-05
  ]
}