{
  "train_loss": [
    0.5446792017271188,
    0.30528480676449554,
    0.18670214344641392,
    0.1256852512173471,
    0.09533153788965906,
    0.07669790688950477,
    0.07014297674706174,
    0.03302639302697447,
    0.023965322570378828,
    0.022974786954733706,
    0.02133711075892917
  ],
  "train_acc": [
    0.8086709072648142,
    0.9084923557638657,
    0.9487222408213369,
    0.9670795670126102,
    0.9757839526838522,
    0.9816147751367035,
    0.9829818100658408,
    0.9927742439459881,
    0.9946155562995201,
    0.9949224416917755,
    0.9951735297399844
  ],
  "train_f1": [
    0.6829110412428334,
    0.8252344416027281,
    0.8960642388599864,
    0.9314670693460332,
    0.9489951815724527,
    0.9609712762807225,
    0.9638111058376839,
    0.9844229265652252,
    0.9883643817447398,
    0.9890255668113844,
    0.9895701452945077
  ],
  "val_loss": [
    0.8599783463377348,
    1.17347285866698,
    1.4322890663793324,
    1.7267670548015392,
    1.8661769031873712,
    2.2972458539286533,
    2.113557743291661,
    2.633303519976297,
    2.8955230152080755,
    2.7673434216032904,
    2.173259980903002
  ],
  "val_acc": [
    0.7085172109443955,
    0.7226390114739629,
    0.749558693733451,
    0.733892321270962,
    0.7226390114739629,
    0.7511032656663724,
    0.7001323918799647,
    0.7473521624007061,
    0.7416151809355693,
    0.7694174757281553,
    0.7623565754633715
  ],
  "val_f1": [
    0.5870584557674273,
    0.5633900659951372,
    0.5432595573440644,
    0.5372217958557176,
    0.529037092544024,
    0.4608030592734226,
    0.5023800805565727,
    0.5243041130037391,
    0.5114726741760534,
    0.5324384787472036,
    0.5453777965386238
  ],
  "learning_rate": [
    0.0001,
    0.0001,
    0.0001,
    0.0001,
    0.0001,
    0.0001,
    5e-05,
    5e-05,
    5e-05,
    5e-05,
    5e-05
  ]
}